date,0_control_children_population_percentage,1_working_age_population_percentage,2_labor_force_participation_rate,3_inflation,4_population_not_rec_social_protection,birth_rate
1/1/1960,27.85987519,,,38.54374265,,22.075
1/1/1960,42.31971255,,,11.53315258,,44.539
1/1/1960,43.65261096,,,8.664459163,,47.198
1/1/1960,47.90593181,,,8.181818182,,41.888
1/1/1960,46.44194859,,,5.814762825,,44.904
1/1/1960,47.58971742,,,2.857142857,,45.47
1/1/1960,43.40348253,,,1.676599126,,44.27
1/1/1960,45.79788966,,,,,46.461
1/1/1960,46.55476646,,,,,43.02
1/1/1960,39.31648875,,,,,36.034
1/1/1960,43.141658,,,,,42.336
1/1/1960,30.72561693,,,,,23.682
1/1/1961,27.96581236,,,22.74726399,,22.007
1/1/1961,47.7698062,,,18.48739496,,41.62
1/1/1961,46.62735911,,,8.283194565,,44.667
1/1/1961,42.47491177,,,7.561493718,,44.279
1/1/1961,43.92485702,,,5.916789884,,47.046
1/1/1961,43.6567149,,,3.985625635,,44.047
1/1/1961,47.94391458,,,1.794179417,,45.118
1/1/1961,46.04315807,,,,,46.393
1/1/1961,47.01038906,,,,,42.124
1/1/1961,39.41124865,,,,,35.653
1/1/1961,43.30034918,,,,,42.029
1/1/1961,30.66018895,,,,,23.459
1/1/1962,28.02660023,,,1.974243812,,21.867
1/1/1962,44.17085803,,,6.641932636,,46.836
1/1/1962,42.67755609,,,5.879331422,,44.025
1/1/1962,46.78574284,,,4.697939562,,44.394
1/1/1962,43.99863699,,,2.878853147,,43.819
1/1/1962,48.15296023,,,2.184336134,,44.633
1/1/1962,47.71193071,,,1.418439716,,41.355
1/1/1962,46.28688703,,,,,46.121
1/1/1962,47.36419341,,,,,41.204
1/1/1962,39.56040905,,,,,35.238
1/1/1962,43.4320652,,,,,41.611
1/1/1962,30.56898821,,,,,23.242
1/1/1963,46.89391163,,,26.35543553,,44.056
1/1/1963,28.05380685,,,21.25469572,,21.661
1/1/1963,44.37273412,,,6.714388429,,46.556
1/1/1963,44.34786857,,,5.939595922,,43.583
1/1/1963,47.69186683,,,2.979297921,,41.083
1/1/1963,48.24912249,,,2.576131687,,43.99
1/1/1963,42.87655603,,,-0.763572146,,43.778
1/1/1963,46.50506788,,,,,45.607
1/1/1963,47.60791872,,,,,40.308
1/1/1963,39.70919373,,,,,34.787
1/1/1963,43.5107981,,,,,41.064
1/1/1963,30.44944834,,,,,23.038
1/1/1964,28.06493609,,,42.36941572,,21.406
1/1/1964,46.92533204,,,17.72435216,,43.625
1/1/1964,42.97803705,,,1.181818182,,43.539
1/1/1964,44.49791974,,,9.792284867,,46.196
1/1/1964,48.27010777,,,4.233879677,,43.186
1/1/1964,44.58302317,,,4.342453764,,43.334
1/1/1964,47.64970354,,,1.369863137,,40.791
1/1/1964,46.65638904,,,,,44.847
1/1/1964,47.73228606,,,,,39.471
1/1/1964,39.77356699,,,,,34.293
1/1/1964,43.50035175,,,,,40.392
1/1/1964,30.29879071,,,,,22.857
1/1/1965,28.06233501,,,56.55655656,,21.139
1/1/1965,44.53407188,,,16.38996139,,45.746
1/1/1965,46.87292349,,,7.596836693,,43.047
1/1/1965,47.55278901,,,3.859298158,,40.441
1/1/1965,44.65706396,,,3.697661757,,43.062
1/1/1965,42.94291491,,,2.862862863,,43.307
1/1/1965,48.2324823,,,1.934235977,,42.24
1/1/1965,46.71551027,,,,,43.849
1/1/1965,47.72914148,,,,,38.721
1/1/1965,39.7195592,,,,,33.739
1/1/1965,43.38552699,,,,,39.61
1/1/1965,30.11870725,,,,,22.709
1/1/1966,28.07794843,,,73.46269326,,20.909
1/1/1966,46.86626174,,,16.72816827,,42.269
1/1/1966,44.68493237,,,8.846374922,,45.195
1/1/1966,43.03806613,,,6.951871658,,43.083
1/1/1966,44.76083975,,,5.453726928,,42.755
1/1/1966,48.52594149,,,4.743833178,,41.191
1/1/1966,47.3022496,,,2.873194222,,39.992
1/1/1966,46.87218063,,,,,42.647
1/1/1966,47.67102921,,,,,38.075
1/1/1966,39.66204478,,,,,33.104
1/1/1966,43.35311999,,,,,38.741
1/1/1966,29.97572002,,,,,22.602
1/1/1967,28.05636028,,,89.27529729,,20.747
1/1/1967,42.98827625,,,11.2,,42.865
1/1/1967,48.67384555,,,1.688457971,,40.1
1/1/1967,44.71029423,,,9.783625663,,44.556
1/1/1967,46.75932511,,,8.328191364,,41.286
1/1/1967,44.71885574,,,3.818138157,,42.405
1/1/1967,47.01858243,,,1.365267592,,39.432
1/1/1967,46.85891619,,,,,41.321
1/1/1967,47.58008555,,,,,37.51
1/1/1967,39.50038484,,,,,32.38
1/1/1967,43.16474679,,,,,37.833
1/1/1967,29.80337737,,,,,22.546
1/1/1968,28.00952438,,,1,,20.672
1/1/1968,44.64614866,,,19.86618545,,43.848
1/1/1968,46.56915343,,,7.447538783,,40.129
1/1/1968,42.84314478,,,5.476235162,,42.654
1/1/1968,44.57239396,,,4.31765613,,42.005
1/1/1968,46.72034254,,,0.787357785,,38.774
1/1/1968,48.67749136,,,0.163666121,,39.014
1/1/1968,46.7271764,,,,,39.959
1/1/1968,47.44719054,,,,,36.998
1/1/1968,39.25348646,,,,,31.573
1/1/1968,42.87223027,,,,,36.934
1/1/1968,29.61717753,,,,,22.547
1/1/1969,27.95381543,,,2.966666666,,20.684
1/1/1969,48.53399773,,,11.27459839,,37.959
1/1/1969,46.30420859,,,6.981663796,,38.84
1/1/1969,44.38499655,,,6.326681449,,41.553
1/1/1969,44.53291517,,,6.236158679,,43.095
1/1/1969,46.42401493,,,2.246847536,,38.046
1/1/1969,42.67299409,,,2.297484725,,42.45
1/1/1969,46.53121079,,,,,38.625
1/1/1969,47.27407312,,,,,36.525
1/1/1969,38.95113402,,,,,30.697
1/1/1969,42.54032428,,,,,36.08
1/1/1969,29.44159039,,,,,22.61
1/1/1970,27.89149275,,,16.36144944,,20.762
1/1/1970,45.95983494,,,6.986227585,,37.506
1/1/1970,44.18905013,,,5.129987488,,41.044
1/1/1970,44.38817459,,,5.252359724,,42.335
1/1/1970,42.51339058,,,3.9555922,,42.261
1/1/1970,48.24401451,,,2.58842588,,36.931
1/1/1970,46.12462037,,,-0.859556217,,37.309
1/1/1970,46.28627567,,,,,37.394
1/1/1970,47.07802433,,,,,36.051
1/1/1970,38.60602382,,,,,29.774
1/1/1970,42.1974418,,,,,35.31
1/1/1970,29.29427693,,,,,22.759
1/1/1971,27.79772697,,,23.95388962,,20.873
1/1/1971,38.28461408,,,2.522241499,,28.827
1/1/1971,45.62485135,,,11.94298575,,36.229
1/1/1971,44.10039631,,,8.384253916,,40.478
1/1/1971,44.31030765,,,6.79639365,,41.613
1/1/1971,45.7113963,,,4.953256936,,36.636
1/1/1971,42.52018925,,,3.674614358,,42.092
1/1/1971,47.96778513,,,0.215551653,,35.909
1/1/1971,45.93008514,,,,,36.327
1/1/1971,46.43105352,,,,,35.53
1/1/1971,41.85165439,,,,,34.654
1/1/1971,29.20278174,,,,,23.02
1/1/1972,37.8864704,,,77.79573377,,27.889
1/1/1972,27.7908188,,,76.48492378,,20.97
1/1/1972,45.15593363,,,12.44444444,,35.095
1/1/1972,45.26273145,,,9.183749734,,36.093
1/1/1972,43.95826784,,,7.881893667,,39.864
1/1/1972,44.17613503,,,7.219722168,,40.953
1/1/1972,42.49722706,,,6.511544115,,41.944
1/1/1972,47.76179294,,,3.234286625,,34.872
1/1/1972,45.5511479,,,,,35.439
1/1/1972,45.81867392,,,,,34.936
1/1/1972,41.50470108,,,,,34.112
1/1/1972,29.13908268,,,,,23.387
1/1/1973,37.43445492,,,1,,26.995
1/1/1973,27.80618274,,,96.99726532,,21.012
1/1/1973,42.45795934,,,31.48628789,,41.813
1/1/1973,44.59939689,,,22.52964427,,34.166
1/1/1973,43.77682657,,,13.11762452,,39.215
1/1/1973,47.62070239,,,12.94813335,,33.818
1/1/1973,44.81592937,,,12.79689453,,35.72
1/1/1973,43.99545172,,,9.489519534,,40.365
1/1/1973,45.12563891,,,,,34.73
1/1/1973,45.27315472,,,,,34.269
1/1/1973,41.14154998,,,,,33.675
1/1/1973,29.1055728,,,,,23.833
1/1/1974,36.95364085,,,1,,26.171
1/1/1974,27.77290498,,,77.21341378,,20.981
1/1/1974,42.40562543,,,62.83675629,,41.69
1/1/1974,44.41989291,,,25.23331778,,35.531
1/1/1974,44.02341274,,,23.87967742,,33.461
1/1/1974,43.56009512,,,23.32135427,,38.544
1/1/1974,43.77626646,,,16.89166667,,39.845
1/1/1974,47.53066976,,,16.87619568,,32.773
1/1/1974,44.62746532,,,,,34.2
1/1/1974,44.82094526,,,,,33.544
1/1/1974,40.73972103,,,,,33.337
1/1/1974,29.10851938,,,,,24.318
1/1/1975,36.45610277,,,1,,25.44
1/1/1975,27.67333575,,,81.45384674,,20.858
1/1/1975,43.52665837,,,23.6187353,,39.361
1/1/1975,43.46743441,,,23.4375,,32.974
1/1/1975,43.30812459,,,15.36298569,,37.865
1/1/1975,47.45321987,,,8.447328423,,31.79
1/1/1975,42.34027122,,,7.976746255,,41.56
1/1/1975,44.09382858,,,6.693683667,,35.523
1/1/1975,44.05991114,,,,,33.823
1/1/1975,44.46028041,,,,,32.819
1/1/1975,40.29879261,,,,,33.083
1/1/1975,29.15467176,,,,,24.77
1/1/1976,35.89383009,,,1,,24.821
1/1/1976,27.62528995,,,5.623495646,,20.637
1/1/1976,43.35274245,,,33.48327566,,38.863
1/1/1976,42.79053931,,,19.83122363,,32.662
1/1/1976,43.09637896,,,1.671393751,,37.189
1/1/1976,45.89001671,,,1.69538328,,30.933
1/1/1976,42.38513248,,,4.494116477,,41.408
1/1/1976,43.58835203,,,4.474614747,,35.669
1/1/1976,43.45149792,,,,,33.557
1/1/1976,44.05364799,,,,,32.169
1/1/1976,39.91449491,,,,,32.894
1/1/1976,29.3238865,,,,,25.107
1/1/1977,35.35363987,,,91.95413673,,24.307
1/1/1977,27.45352376,,,58.19617522,,20.337
1/1/1977,43.16205458,,,38.54914197,,38.306
1/1/1977,42.24344084,,,33.82816915,,32.437
1/1/1977,42.84187347,,,13.14551798,,36.529
1/1/1977,44.293616,,,9.731132769,,30.242
1/1/1977,43.23560022,,,9.359852917,,35.903
1/1/1977,42.4093042,,,8.172555255,,41.219
1/1/1977,42.84598147,,,,,33.34
1/1/1977,43.71871819,,,,,31.652
1/1/1977,39.51733933,,,,,32.734
1/1/1977,29.56821914,,,,,25.273
1/1/1978,42.93858687,,,57.84878263,,37.662
1/1/1978,27.22852078,,,44.54834367,,19.987
1/1/1978,34.81915248,,,4.872416665,,23.89
1/1/1978,41.75193454,,,17.76315789,,32.223
1/1/1978,42.54968892,,,11.65726358,,35.892
1/1/1978,42.97930616,,,1.662475929,,36.161
1/1/1978,42.41333512,,,1.355672276,,40.983
1/1/1978,42.65624957,,,8.823529412,,29.737
1/1/1978,42.23845618,,,,,33.122
1/1/1978,43.36373965,,,,,31.297
1/1/1978,39.11430157,,,,,32.563
1/1/1978,29.85279463,,,,,25.243
1/1/1979,27.04184325,,,66.84428619,,19.607
1/1/1979,42.65418231,,,66.69442297,,36.934
1/1/1979,34.27123761,,,33.38927244,,23.567
1/1/1979,42.74347047,,,28.16138624,,36.401
1/1/1979,41.21511813,,,24.13478212,,31.98
1/1/1979,42.39061729,,,19.71971678,,40.692
1/1/1979,41.04604764,,,14.84238166,,29.414
1/1/1979,42.2227906,,,1.266256228,,35.287
1/1/1979,41.62811847,,,,,32.877
1/1/1979,42.92332149,,,,,31.097
1/1/1979,38.71867352,,,,,32.351
1/1/1979,30.11825303,,,,,25.017
1/1/1980,26.93222872,,,63.47583431,,19.227
1/1/1980,42.2968503,,,59.14571244,,36.148
1/1/1980,42.33452454,,,47.24165118,,40.341
1/1/1980,33.71036583,,,35.13834781,,23.337
1/1/1980,40.59971014,,,26.55265527,,31.675
1/1/1980,42.49695815,,,22.44733136,,36.582
1/1/1980,39.56921194,,,14.19764497,,29.245
1/1/1980,41.86470288,,,13.48984556,,34.723
1/1/1980,41.02291097,,,,,32.602
1/1/1980,42.38540389,,,,,31
1/1/1980,38.34066328,,,,,32.059
1/1/1980,30.32658495,,,,,24.63
1/1/1981,38.10370073,,,1,,31.655
1/1/1981,42.03197642,,,75.43326876,,35.347
1/1/1981,26.86212367,,,34.45335869,,18.88
1/1/1981,42.37289768,,,32.13361113,,39.931
1/1/1981,40.1405047,,,27.45376956,,31.293
1/1/1981,33.16114388,,,19.68682964,,23.199
1/1/1981,41.53429578,,,16.38747454,,34.204
1/1/1981,42.29939207,,,12.97469747,,36.678
1/1/1981,38.23243652,,,8.793969849,,29.184
1/1/1981,40.58737204,,,,,32.311
1/1/1981,41.70726029,,,,,30.926
1/1/1981,30.62433706,,,,,24.145
1/1/1982,42.35242363,,,1,,39.471
1/1/1982,37.84721408,,,1,,31.135
1/1/1982,41.64301238,,,64.44815854,,34.582
1/1/1982,39.55647817,,,24.72982143,,30.848
1/1/1982,26.82804147,,,18.99251295,,18.589
1/1/1982,41.1779305,,,16.25796959,,33.724
1/1/1982,32.62199983,,,9.941266643,,23.135
1/1/1982,37.23601222,,,7.276486178,,29.164
1/1/1982,42.05477202,,,5.126543713,,36.683
1/1/1982,40.09726618,,,,,32.031
1/1/1982,41.08885037,,,,,30.794
1/1/1982,30.74888597,,,,,23.646
1/1/1983,42.28781737,,,1,,38.976
1/1/1983,37.58419978,,,1,,30.508
1/1/1983,41.18469024,,,1,,33.89
1/1/1983,26.82286613,,,49.19737966,,18.367
1/1/1983,40.79986168,,,48.43387471,,33.272
1/1/1983,32.1060486,,,27.25719845,,23.117
1/1/1983,38.92904775,,,19.59731544,,30.357
1/1/1983,41.80748821,,,13.43375556,,36.598
1/1/1983,36.49028196,,,4.411887455,,29.128
1/1/1983,39.6083466,,,,,31.772
1/1/1983,40.52927795,,,,,30.551
1/1/1983,30.77281489,,,,,23.198
1/1/1984,42.19296176,,,1,,38.456
1/1/1984,37.31768204,,,1,,29.783
1/1/1984,40.73214893,,,1,,33.279
1/1/1984,26.82396342,,,55.34423542,,18.221
1/1/1984,40.40670459,,,31.23239849,,32.841
1/1/1984,41.61656976,,,2.311462546,,36.412
1/1/1984,31.63768731,,,19.8629616,,23.118
1/1/1984,38.36982208,,,16.16161616,,29.823
1/1/1984,35.8578578,,,3.688744528,,29.044
1/1/1984,39.19019967,,,,,31.527
1/1/1984,39.97102754,,,,,30.191
1/1/1984,30.79511902,,,,,22.833
1/1/1985,42.07027232,,,1,,37.923
1/1/1985,37.03933777,,,1,,28.982
1/1/1985,40.32116522,,,1,,32.743
1/1/1985,26.81466366,,,72.22256443,,18.152
1/1/1985,31.23243785,,,3.73529149,,23.101
1/1/1985,40.00625029,,,27.98321626,,32.418
1/1/1985,41.49837165,,,25.21716436,,36.122
1/1/1985,37.92110897,,,24.91771337,,29.255
1/1/1985,35.27175815,,,1.865952984,,28.897
1/1/1985,38.86827203,,,,,31.269
1/1/1985,39.350367,,,,,29.745
1/1/1985,30.85554956,,,,,22.563
1/1/1986,41.98677699,,,1,,37.39
1/1/1986,36.80423991,,,1,,28.134
1/1/1986,39.91841872,,,77.92125547,,32.261
1/1/1986,26.61586559,,,76.38636412,,18.15
1/1/1986,41.45275921,,,31.74259727,,35.731
1/1/1986,39.6635855,,,23.32261144,,31.99
1/1/1986,30.91265838,,,19.47684729,,23.031
1/1/1986,37.54102018,,,18.84246425,,28.671
1/1/1986,35.10150796,,,18.68796688,,28.688
1/1/1986,38.59611503,,,,,30.969
1/1/1986,38.71980054,,,,,29.275
1/1/1986,30.75943529,,,,,22.379
1/1/1987,36.52042271,,,1,,27.278
1/1/1987,39.5868365,,,85.82236238,,31.794
1/1/1987,26.49131171,,,63.56666243,,18.188
1/1/1987,34.72165024,,,53.39295326,,28.443
1/1/1987,39.3097358,,,29.53997249,,31.546
1/1/1987,37.232332,,,23.32311114,,28.086
1/1/1987,41.42379388,,,21.8127436,,35.261
1/1/1987,30.63727629,,,19.88812333,,22.889
1/1/1987,41.86538591,,,14.57869845,,36.864
1/1/1987,38.4260232,,,,,30.602
1/1/1987,37.97752097,,,,,28.858
1/1/1987,30.78393473,,,,,22.239
1/1/1988,39.28145024,,,1,,31.311
1/1/1988,36.19706795,,,1,,26.452
1/1/1988,26.38126043,,,62.19195646,,18.237
1/1/1988,38.94985572,,,58.21628654,,31.08
1/1/1988,36.96700903,,,28.18395324,,27.511
1/1/1988,41.39844695,,,22.59425718,,34.734
1/1/1988,41.70861276,,,16.29154939,,36.353
1/1/1988,30.4028761,,,14.68435257,,22.664
1/1/1988,34.2815752,,,7.313287884,,28.177
1/1/1988,38.30532209,,,,,30.157
1/1/1988,37.20720205,,,,,28.544
1/1/1988,30.83774043,,,,,22.106
1/1/1989,38.93273852,,,1,,30.798
1/1/1989,35.8428761,,,1,,25.677
1/1/1989,26.22700538,,,8.447436729,,18.279
1/1/1989,38.58635391,,,75.64819122,,30.589
1/1/1989,41.34802144,,,26.42212672,,34.166
1/1/1989,36.69030185,,,25.86755157,,26.952
1/1/1989,30.19154221,,,17.27955739,,22.349
1/1/1989,41.51634542,,,15.17346811,,35.862
1/1/1989,33.96838986,,,0.769646742,,27.892
1/1/1989,38.14996146,,,,,29.634
1/1/1989,36.56548182,,,,,28.342
1/1/1989,30.79633708,,,,,21.967
1/1/1990,38.51160814,,,1,,30.243
1/1/1990,35.45963267,,,1,,24.979
1/1/1990,26.01523671,,,1,,18.292
1/1/1990,38.21891976,,,48.519113,,30.077
1/1/1990,41.25250193,,,37.25995618,,33.579
1/1/1990,36.37215867,,,29.15221896,,26.401
1/1/1990,29.98557181,,,26.3647216,,21.945
1/1/1990,33.85263282,,,21.73994434,,27.582
1/1/1990,41.28899147,,,17.11877465,,35.396
1/1/1990,37.91664829,,,,,29.045
1/1/1990,36.15010716,,,,,28.243
1/1/1990,30.61321082,,,,,21.804
1/1/1991,34.99283314,,,1,,24.37
1/1/1991,38.17737348,,,1,,29.643
1/1/1991,25.8863045,,,1,,18.258
1/1/1991,37.9022062,,,48.83827751,,29.55
1/1/1991,36.00543074,,,3.387821583,,25.843
1/1/1991,33.75905553,,,25.96746256,,27.24
1/1/1991,41.13759741,,,24.22535211,,32.993
1/1/1991,29.82248074,,,21.78441738,,21.465
1/1/1991,41.06952271,,,21.44769817,,34.957
1/1/1991,37.71437245,,,,,28.41
1/1/1991,35.89559969,,,,,28.215
1/1/1991,30.46949444,,,,,21.603
1/1/1992,34.53467883,,,1,,23.838
1/1/1992,37.75283396,,,73.52829424,,29.011
1/1/1992,25.66767728,,,68.45919384,,18.173
1/1/1992,37.56176051,,,54.34836129,,29.02
1/1/1992,33.83597902,,,43.66617839,,26.861
1/1/1992,35.63638551,,,27.16325274,,25.267
1/1/1992,29.62158017,,,15.42585597,,20.938
1/1/1992,40.98646976,,,15.19274376,,32.415
1/1/1992,40.81508116,,,12.63236183,,34.536
1/1/1992,37.41019733,,,,,27.761
1/1/1992,35.84331149,,,,,28.201
1/1/1992,30.1804648,,,,,21.366
1/1/1993,34.06180199,,,1,,23.365
1/1/1993,34.00133476,,,1,,26.446
1/1/1993,25.40923901,,,54.17924425,,18.038
1/1/1993,37.27365863,,,48.57998645,,28.36
1/1/1993,37.207386,,,45,,28.498
1/1/1993,35.24471277,,,22.44248151,,24.667
1/1/1993,40.78936534,,,18.28661417,,31.847
1/1/1993,29.39553838,,,12.72776139,,20.393
1/1/1993,40.53128856,,,8.527876957,,34.126
1/1/1993,37.03865362,,,,,27.126
1/1/1993,35.939582,,,,,28.15
1/1/1993,29.80662173,,,,,21.097
1/1/1994,33.55063194,,,1,,22.94
1/1/1994,34.11335882,,,1,,26.001
1/1/1994,25.18094819,,,44.73642152,,17.853
1/1/1994,36.84961138,,,27.44252874,,27.985
1/1/1994,36.79361537,,,23.73695565,,27.7
1/1/1994,34.81069187,,,22.84623773,,24.051
1/1/1994,40.54114776,,,2.566194838,,31.289
1/1/1994,29.15848821,,,11.44312538,,19.846
1/1/1994,40.22492132,,,7.874442147,,33.718
1/1/1994,36.6541378,,,,,26.523
1/1/1994,36.04745616,,,,,28.037
1/1/1994,29.44328995,,,,,20.804
1/1/1995,34.09709639,,,1,,25.534
1/1/1995,32.99910475,,,66.73355425,,22.54
1/1/1995,25.01119448,,,42.2483198,,17.628
1/1/1995,36.49121727,,,22.88613333,,27.479
1/1/1995,34.32629372,,,2.891823831,,23.435
1/1/1995,40.24216264,,,13.42541436,,30.718
1/1/1995,36.08239162,,,12.21526316,,27.84
1/1/1995,36.33600901,,,11.12872978,,27.04
1/1/1995,39.90148167,,,1.193267637,,33.304
1/1/1995,28.91077068,,,8.232633318,,19.31
1/1/1995,36.27979094,,,,,25.964
1/1/1995,29.13403683,,,,,20.501
1/1/1996,24.8958832,,,28.34248644,,17.374
1/1/1996,36.15775746,,,24.37388685,,26.973
1/1/1996,33.83968867,,,2.797559873,,22.843
1/1/1996,32.45067624,,,15.75766563,,22.139
1/1/1996,39.62401796,,,12.42548662,,32.873
1/1/1996,35.93995501,,,11.53794241,,26.392
1/1/1996,39.9270412,,,9.799683392,,30.105
1/1/1996,28.58109209,,,7.359117444,,18.793
1/1/1996,35.96981602,,,7.947119728,,27.547
1/1/1996,33.85551378,,,-0.718872515,,25.054
1/1/1996,35.85160897,,,,,25.454
1/1/1996,28.86713099,,,,,20.21
1/1/1997,35.83213843,,,3.64298836,,26.46
1/1/1997,24.8080868,,,19.81889318,,17.112
1/1/1997,33.28082861,,,18.47271255,,22.293
1/1/1997,35.5570735,,,8.56218949,,25.767
1/1/1997,33.54241875,,,7.145111688,,24.574
1/1/1997,39.57841065,,,6.949566853,,29.429
1/1/1997,31.87841459,,,6.926712516,,21.716
1/1/1997,28.26399888,,,6.13386637,,18.295
1/1/1997,39.31932427,,,4.784443628,,32.42
1/1/1997,35.82227716,,,3.555679579,,27.174
1/1/1997,35.45314536,,,,,24.986
1/1/1997,28.62486151,,,,,19.948
1/1/1998,35.49947241,0.364183158,0.702808559,36.98433162,,25.941
1/1/1998,33.16946876,,,18.9753692,,24.103
1/1/1998,32.68054937,,,18.67698137,,21.796
1/1/1998,39.18682493,,,11.55326844,,28.687
1/1/1998,24.74060929,0.415839881,0.614697278,1.811735562,,16.857
1/1/1998,38.99626152,,,7.673228957,,31.941
1/1/1998,35.17713749,0.369242758,0.732838333,7.247821752,,25.172
1/1/1998,27.9324903,0.443143249,0.558897495,5.11243162,,17.818
1/1/1998,35.75134045,,,4.586466165,,26.734
1/1/1998,31.29133439,0.416796267,0.669062316,3.195762929,,21.256
1/1/1998,35.05793134,0.393468112,0.65382278,,,24.55
1/1/1998,28.40599709,0.411516994,0.571232915,,,19.727
1/1/1999,32.76874024,0.44713527,0.556264937,98.77391411,,23.648
1/1/1999,35.13812869,0.365415871,0.735802233,52.24235975,,25.424
1/1/1999,32.08892858,0.405610591,0.609171093,1.873686311,,21.355
1/1/1999,35.86864704,0.38705796,0.580871224,7.538219399,,26.237
1/1/1999,38.7381067,,,6.752265861,,27.893
1/1/1999,24.66562597,,,5.658688393,,16.617
1/1/1999,30.70320816,0.419190407,0.67655164,4.858447499,,20.753
1/1/1999,34.78019251,0.366609216,0.733255744,3.469659963,,24.615
1/1/1999,27.55327469,,,3.336885341,,17.369
1/1/1999,38.66136313,0.354964226,0.709458828,2.159516268,,31.435
1/1/1999,34.62885137,0.39651373,0.794385374,,,24.147
1/1/1999,28.19519163,0.414629459,0.577128708,,,19.55
1/1/2000,34.7386677,0.368956834,0.651023507,96.94113694,,24.922
1/1/2000,32.36160799,,,59.41686546,,23.209
1/1/2000,31.53264094,,,9.225346832,,20.959
1/1/2000,38.22601693,,,8.982159768,,27.079
1/1/2000,30.12024177,,,7.441415947,,20.204
1/1/2000,36.16509204,,,6.148543332,,25.685
1/1/2000,24.56184353,0.411773473,0.608243644,4.763824727,,16.398
1/1/2000,38.31607893,0.351329207,0.711447537,4.682299887,,30.905
1/1/2000,27.11566995,0.448473781,0.555829585,3.843273291,,16.959
1/1/2000,34.35496265,0.369411111,0.733332694,3.757338333,,24.1
1/1/2000,34.15401371,0.399941087,0.646109462,,,23.773
1/1/2000,27.98482475,0.415900588,0.580950022,,,19.413
1/1/2001,32.09381672,,,38.58628789,,22.786
1/1/2001,34.37493362,,,37.67829421,,24.454
1/1/2001,30.95334643,0.402293175,0.658514619,7.96556175,,20.593
1/1/2001,37.73471209,,,7.268628585,,26.291
1/1/2001,29.60980175,0.427642047,0.670128942,6.843592488,,19.618
1/1/2001,24.41367159,0.413495749,0.61702317,4.359346522,,16.2
1/1/2001,26.65746367,,,3.569116886,,16.595
1/1/2001,36.17165805,,,2.627413142,,25.083
1/1/2001,33.83600082,0.381600529,0.71971494,1.977987853,,23.627
1/1/2001,38.0184255,0.344694436,0.739949465,1.589653779,,30.356
1/1/2001,33.68806175,0.403748244,0.675782502,,,23.426
1/1/2001,27.7334094,0.412896335,0.569159865,,,19.302
1/1/2002,31.79627529,,,15.52739892,,22.371
1/1/2002,24.28086291,0.41707477,0.601641834,13.97247259,,16.015
1/1/2002,33.9673089,,,12.48418572,,24.032
1/1/2002,37.14941934,0.349880397,0.695668101,1.512428566,,25.57
1/1/2002,29.06582195,0.432742447,0.678211093,8.451643778,,19.016
1/1/2002,30.4387702,0.404158205,0.663142204,6.351577518,,20.234
1/1/2002,36.28166047,,,5.341152138,,24.446
1/1/2002,26.15251188,,,2.489394543,,16.277
1/1/2002,37.69269571,0.345999241,0.716719151,0.928258852,,29.796
1/1/2002,33.31645206,0.38866812,0.720368862,0.193135385,,23.19
1/1/2002,33.19072601,0.407462865,0.691625357,,,23.101
1/1/2002,27.5273355,0.41292575,0.579663515,,,19.199
1/1/2003,31.48534194,,,23.22321778,,21.964
1/1/2003,24.13925513,0.416760653,0.592182398,19.37973174,,15.837
1/1/2003,28.51079258,0.437329233,0.678123236,14.71491972,,18.42
1/1/2003,36.50984763,0.351535976,0.683586895,14.2367975,,24.944
1/1/2003,33.53210529,0.376859665,0.709890664,7.929415234,,23.661
1/1/2003,29.95912593,0.409714699,0.675981998,7.129787972,,19.865
1/1/2003,36.39428774,,,5.989781466,,23.798
1/1/2003,37.34806059,0.342222512,0.731458426,3.337274997,,29.234
1/1/2003,25.61718561,0.454117537,0.569768608,2.811786119,,16
1/1/2003,32.78505419,0.390773833,0.748731375,2.259377534,,22.785
1/1/2003,32.67714202,0.409925461,0.694733381,,,22.792
1/1/2003,27.34124456,0.422854811,0.624328375,,,19.091
1/1/2004,31.16929684,,,9.98632512,,21.565
1/1/2004,23.97150985,0.418166399,0.595339179,9.15765755,,15.667
1/1/2004,27.96851103,0.440383703,0.685662687,6.597185999,,17.845
1/1/2004,29.46635608,0.413295776,0.656223595,5.942196845,,19.48
1/1/2004,36.38292721,,,4.668466224,,23.164
1/1/2004,36.99249343,,,4.437388117,,28.678
1/1/2004,35.87617949,0.358487636,0.71893096,4.32326493,,24.422
1/1/2004,32.23965627,0.393310547,0.745568156,3.662473292,,22.41
1/1/2004,33.0995325,0.385332555,0.714884758,2.742181329,,23.343
1/1/2004,25.08445403,,,1.547387566,,15.759
1/1/2004,32.17418851,,,,,22.493
1/1/2004,27.1428297,0.429386169,0.621587694,,,18.97
1/1/2005,30.8432175,,,9.898489561,,21.18
1/1/2005,36.19661068,,,6.925543389,,22.578
1/1/2005,27.44629056,0.445775002,0.693435431,6.86953729,,17.31
1/1/2005,35.27966727,0.366618156,0.707311451,6.873823116,,23.998
1/1/2005,36.62783772,0.358386993,0.701416194,5.39323169,,28.128
1/1/2005,28.93912331,0.416601688,0.653974652,5.511615912,,19.078
1/1/2005,23.77757838,0.418255627,0.595909655,4.699277394,,15.502
1/1/2005,24.57590433,,,3.52576582,,15.543
1/1/2005,32.68767993,0.391287893,0.703328609,2.477697832,,23.07
1/1/2005,31.69076446,0.394278497,0.734618187,1.616319386,,22.07
1/1/2005,31.69654633,,,,,22.202
1/1/2005,26.91889293,0.429521471,0.619282544,,,18.836
1/1/2006,30.43523092,,,11.28134327,,20.816
1/1/2006,34.6747873,0.357937396,0.67850405,9.591388464,,23.65
1/1/2006,35.52263137,,,6.677157941,,22.076
1/1/2006,23.54959092,0.423235029,0.619936228,6.397649744,,15.342
1/1/2006,28.46965541,,,4.293425912,,18.663
1/1/2006,36.26479452,0.358840346,0.732347131,4.281189487,83.86355966,27.584
1/1/2006,26.90104764,0.452524453,0.69029659,4.183568129,46.06733095,16.832
1/1/2006,24.11253771,0.455305725,0.573069811,3.392173828,10.31068804,15.339
1/1/2006,32.25009808,0.389726132,0.702515304,3.298748463,,22.831
1/1/2006,31.21915378,0.397859752,0.748201013,2.225812488,,21.769
1/1/2006,31.27613883,,,,85.47659073,21.914
1/1/2006,26.74372056,0.437717825,0.619046152,,66.66416518,18.695
1/1/2007,34.77534167,,,12.21544447,,21.673
1/1/2007,35.89522959,0.365899056,0.71233207,8.737718427,41.64707647,27.045
1/1/2007,34.16792948,0.415582955,0.609014511,8.128776435,62.82246205,23.339
1/1/2007,23.29524954,0.426919758,0.636700571,8.114645612,,15.188
1/1/2007,30.01147723,,,6.426279345,,20.476
1/1/2007,27.94478333,,,5.544384933,,18.247
1/1/2007,23.67589804,,,4.477994616,,15.135
1/1/2007,26.39303806,0.460289091,0.685941756,3.641272991,,16.413
1/1/2007,31.85642865,0.392466754,0.684094131,2.276184782,,22.607
1/1/2007,30.73033901,0.405725569,0.768486679,1.779986447,,21.507
1/1/2007,30.87080314,,,,,21.63
1/1/2007,26.51935851,0.434153557,0.603977919,,,18.553
1/1/2008,35.51416141,0.376364708,0.720391631,8.13763965,26.55948769,26.515
1/1/2008,29.57596652,,,14.66714274,,20.164
1/1/2008,33.7109072,0.373380512,0.695007443,1.154544668,56.27563175,23.036
1/1/2008,23.26312263,,,8.716267366,,14.923
1/1/2008,31.48792855,0.395237893,0.665140033,8.495939875,36.90729585,22.383
1/1/2008,33.99065273,,,8.122269693,,21.373
1/1/2008,23.02514247,0.425662071,0.63760525,7.877737474,28.12633592,15.039
1/1/2008,27.3960646,,,6.996882578,,17.842
1/1/2008,30.24094703,0.403577387,0.743258536,5.785875983,47.59852654,21.278
1/1/2008,25.90366231,0.465509117,0.68577987,5.678593928,,16.053
1/1/2008,30.48307563,,,,,21.348
1/1/2008,26.27454755,0.439369142,0.610860467,,,18.417
1/1/2009,30.11089566,,,27.89414466,,21.066
1/1/2009,35.11235253,0.37917164,0.723230422,1.533637926,20.91691392,25.997
1/1/2009,22.75809567,0.43140623,0.644243002,7.622187439,22.96293795,14.895
1/1/2009,31.11661854,0.391876072,0.655487597,5.159968292,,22.148
1/1/2009,25.40872517,0.470367521,0.68591851,4.888347988,54.53982457,15.749
1/1/2009,26.87154166,,,4.225182737,,17.452
1/1/2009,33.26999181,,,2.95239639,,21.172
1/1/2009,29.77869047,0.413737744,0.773223877,2.936231536,35.88737993,21.072
1/1/2009,33.23201972,0.380909294,0.702207565,2.591946734,54.625761,22.731
1/1/2009,22.86180374,0.450500458,0.557394862,0.353463942,9.556788089,14.699
1/1/2009,29.13627816,,,-0.162987837,,19.877
1/1/2009,26.05300366,0.444362432,0.610458493,,,18.285
1/1/2010,29.75125114,,,28.18746479,,20.783
1/1/2010,28.70464529,,,6.944787295,,19.613
1/1/2010,22.50410812,0.42914173,0.640259087,6.698788698,20.26147168,14.757
1/1/2010,24.90178002,,,5.387269187,,15.492
1/1/2010,32.7025801,0.39044866,0.683319271,4.651162797,45.78248556,22.422
1/1/2010,32.67511078,,,3.733377577,,21.056
1/1/2010,30.73139784,0.395564705,0.626728475,3.554377346,29.58366089,21.898
1/1/2010,34.6859151,,,2.515675337,,25.502
1/1/2010,26.39192778,,,2.27226162,47.69661006,17.079
1/1/2010,29.36174828,0.415517598,0.778725028,1.528325973,31.63665094,20.876
1/1/2010,22.46508253,,,1.418966373,,14.466
1/1/2010,25.87377916,0.441810697,0.605955184,,62.19899292,18.154
1/1/2011,29.42260591,,,26.9212317,,20.495
1/1/2011,28.31981098,,,17.71177964,,19.368
1/1/2011,34.26721039,0.384861827,0.721062362,9.883146248,23.52127253,25.039
1/1/2011,32.22386282,,,8.253968254,47.72980968,22.118
1/1/2011,22.27149264,0.448215306,0.660144269,8.92832633,21.54334314,14.623
1/1/2011,24.39960447,0.477529079,0.661759377,6.636369353,54.65611975,15.269
1/1/2011,31.9793085,,,4.977735638,,20.999
1/1/2011,30.40452042,0.404569298,0.626836419,4.474532658,55.07178777,21.631
1/1/2011,25.9170012,0.434151411,0.681027412,3.415318961,48.40309489,16.727
1/1/2011,29.01365992,0.412669003,0.734876513,3.369319533,33.87988228,20.673
1/1/2011,22.13669313,0.450877905,0.559518576,3.343174355,16.56685604,14.231
1/1/2011,25.69975538,0.443986684,0.610954106,,57.86227341,18.019
1/1/2012,29.10721143,,,21.68995633,,20.205
1/1/2012,22.04383744,0.440530807,0.649886072,8.977658574,20.18297148,14.495
1/1/2012,23.91077232,0.478253841,0.659045339,5.435533957,53.62341829,15.06
1/1/2012,30.04950302,0.407510519,0.618713319,5.117218959,26.02035964,21.352
1/1/2012,27.95074077,,,5.686319367,,19.134
1/1/2012,33.81976411,0.386732846,0.688398182,4.518812388,23.24535954,24.612
1/1/2012,31.67213729,,,3.67591898,,21.835
1/1/2012,28.71273836,0.418377668,0.730443835,3.655796782,10.4790036,20.452
1/1/2012,25.4925533,0.437290311,0.690725505,3.169325988,51.13590383,16.393
1/1/2012,21.79263636,,,3.652589955,,14.006
1/1/2012,31.37336657,,,2.391935213,,20.965
1/1/2012,25.57161494,0.444610715,0.612782538,,58.94501007,17.875
1/1/2013,28.80096899,,,4.639427516,,19.913
1/1/2013,21.8242931,,,8.575135454,,14.373
1/1/2013,23.43230303,,,6.243359484,,14.852
1/1/2013,33.35546098,,,5.735258873,,24.223
1/1/2013,28.44344952,0.422603309,0.761286736,2.867165938,36.9761051,20.203
1/1/2013,29.68508156,,,2.721775777,,21.066
1/1/2013,31.09606944,,,2.683857387,,21.581
1/1/2013,25.09861388,,,2.169939187,,16.074
1/1/2013,21.44929772,0.452829003,0.57285887,1.928223125,11.45883788,13.797
1/1/2013,27.59943967,,,1.923436418,,18.906
1/1/2013,30.83535928,,,1.912518187,,20.92
1/1/2013,25.46689727,0.442807913,0.602726698,,53.63919955,17.717
1/1/2014,28.49746659,,,62.16864998,,19.62
1/1/2014,21.6141558,0.449950933,0.658694863,8.877353332,,14.255
1/1/2014,22.96482029,0.483009338,0.664939165,6.329152227,,14.635
1/1/2014,32.89337909,0.391815186,0.716390193,5.764576458,,23.87
1/1/2014,30.57175612,,,5.288276746,,21.354
1/1/2014,21.12831088,,,4.395,,13.608
1/1/2014,29.33825782,0.41108048,0.645991325,3.589221662,,20.774
1/1/2014,27.26398359,,,3.383412727,,18.678
1/1/2014,28.17662562,,,3.244963424,35.145556,19.924
1/1/2014,24.70174084,,,2.898838115,34.3233186,15.77
1/1/2014,30.32461655,,,0.852634975,,20.847
1/1/2014,25.34789199,0.437916726,0.59894067,,,17.547
1/1/2015,28.19215286,,,1,,19.325
1/1/2015,22.51027942,,,9.298718577,46.19128877,14.405
1/1/2015,21.41494577,,,8.666269878,,14.142
1/1/2015,26.94158436,,,6.867599244,,18.448
1/1/2015,24.28677059,,,4.989829568,,15.479
1/1/2015,20.83829012,,,4.348867283,,13.437
1/1/2015,32.44523742,,,4.696372614,,23.549
1/1/2015,29.01927161,,,3.966646233,,20.477
1/1/2015,27.89562347,,,3.549288495,,19.615
1/1/2015,30.13384758,,,3.129274474,,21.146
1/1/2015,29.82483078,,,-1.173432776,,20.733
1/1/2015,25.19593765,,,,,17.364
1/1/2016,27.89459601,,,1,,19.03
1/1/2016,26.69082039,,,55.48443775,,18.216
1/1/2016,21.22975396,,,9.639413476,,14.034
1/1/2016,22.1362691,,,8.7391283,,14.163
1/1/2016,23.88781146,,,7.513465972,,15.198
1/1/2016,29.72048269,,,4.868228577,,20.947
1/1/2016,20.55618966,,,3.786661778,,13.281
1/1/2016,32.03226302,,,3.625239368,,23.252
1/1/2016,27.65571702,,,3.592113241,,19.281
1/1/2016,28.7165363,,,1.728264633,27.42451911,20.175
1/1/2016,29.41835219,,,0.836861563,,20.576
1/1/2016,25.0586568,,,,,17.172
1/1/2017,26.43476594,,,22.19533458,,
1/1/2017,21.05917408,,,6.218938256,,
1/1/2017,23.47938979,,,4.314313176,,
1/1/2017,29.39889422,,,3.624774135,,
1/1/2017,21.74714104,,,3.446367832,,
1/1/2017,31.63966304,,,2.822185557,,
1/1/2017,27.38523918,,,2.828391698,,
1/1/2017,20.31670267,,,2.182469485,,
1/1/2017,28.99767181,,,1.946561552,,
1/1/2017,28.43710304,,,0.417335589,,
1/1/2017,27.59479333,,,,,
1/1/2017,24.88531499,,,,,
1/1/2018,,,,,,
1/1/2018,,,,,,
1/1/2018,,,,,,
1/1/2018,,,,,,
1/1/2018,,,,,,
1/1/2018,,,,,,
1/1/2018,,,,,,
1/1/2018,,,,,,
1/1/2018,,,,,,
1/1/2018,,,,,,
1/1/2018,,,,,,
1/1/2018,,,,,,
